county,nearby_recreation_options
Appling,Water Works Park
Baker,Stripling Park • Clayton Marcus City Park • Colquitt Town Square Historic District
Baldwin,Central City Park • Boys & Girls Club • Oconee River Greenway
Banks,Veteran's Memorial Park • Banks County Public Park • Maysville Park
Ben Hill,American Legion Park • Blue and Gray Park • Fitzgerald Ball Park
Berrien,Northside Park • Bee Tree Recreation Area • The Square
Bibb,Bloomfield Park • Village Green Park • Meadowbrook Drive Park
Bleckley,Bleckley County Memorial Park • Cochran-Bleckley Recreation Department • James Dykes Memorial Park
Brooks,Wood Valley Community Center • Grove Point Park • Langdale Park
Bryan,Blueberry Park • J F Gregory City Park • Richmond Heights Park
Bulloch,Edgewood Acres Park • Georgia Southern Botanical Gardens • Riley Park
Calhoun,Andrew Jackson Monument • Randolph County Veterans Memorial Park • Clover Field
Camden,City of Kingsland Water Department • Satilla River Waterfront Park • Camden Recreational Center
Catoosa,Poplar Springs Park • Little General Children's Park • Chief Richard Taylor Nature Trail
Charlton,Suwannee Canal Recreation Area • Okefenokee National Wildlife Refuge • Traders Hill Campground
Chattahoochee,Patton Recreation Area • Green Field • Sacrifice Field
Clinch,Homerville and Clinch County Recreation Park
Crawford,Benjamin Hawkins Monument • Roberta Historic District • JC's Vineyards
Decatur,Washington Street Park • Bill Reynolds Sports Park • Bainbridge Residential Historic District
Dougherty,Exchange Club Fairgrounds • Evergreen Park • Gordon Sports Complex
Echols,Grand Bay Public Hunting Area • Scott Park • Madison Heights Drive Park
Effingham,Effingham Rec Department • Veterans Park • Springfield City Park
Fannin,Blue Ridge City Park • Willa Mae Haight Park • Downtown Blue Ridge Park
Fayette,Patriot Park • Kiwanis Park • The Ridge Nature Preserve
Forsyth,Episcopal Church Park • Cumming City Park • Steam Engine Pocket Park
Glascock,Brassell Park • Mitchell City Park
Glynn,Altama Park • Paula Park • Madge Merritt Park
Gordon,BB&T Park • Clarence E. Harris River Park Soccer Complex • Calhoun Park
Grady,Holder Park • Azalea Park • Southern Terrace Park
Hancock,Veterans Memorial Park • Little Hudson Park • Linton Historic District
Haralson,Depot Park • Legion Park • Tally Valley Park
Houston,Rozar Park • Barbara Calhoun Park • Frank Satterfield Ballpark
Irwin,Ocilla Ball Park • Cumbee Park • Irwin County Recreational Park
Jeff Davis,Weatherly Park • Buddy Spann Park • Hinson Landing
Jefferson,Helen Clark Memorial Park
Jones,Old Clinton Historic District • Hitchiti Experimental Forest • Hilchiti Experimental Forest
Lanier,Banks Lake National Refuge
Laurens,Southern Pines Regional Park • Oconee Riverview Park • Fairview Park
Long,Long County Recreation Park • Macedonia Park
Lowndes,Fellowship Park • Smith Park • Unity Park
Macon,Whitewater Creek Park • Gladys Hair park • Charlie Jackson Unity Park
Marion,Fort Perry Monument
McIntosh,Eulonia Park • Blue N Hall Park • Richard J Reynolds State Wildlife Refuge
Mitchell,Stripling Park • Collingsworth Park • Clayton Marcus City Park
Peach,Everett Square Park • Quadrangle • South Peach Park
Pike,Chandler Waterfront • Airport Road Park • WWII Memorial Park
Polk,Cedartown Recreation • Optimist Field • Nathan Dean Park
Pulaski,Mile Branch Park • Pulaski County Fairgrounds • Veterans Memorial Riverfront Park
Putnam,Jimmy Davis Recreation Park • Deloach Park • Eatonton Historic District
Richmond,Diamond Lakes Regional Park • Hephzibah-Carroll Community Center • Butler Creek Park
Schley,McMickle Park
Sumter,Intramural Field • Centennial Plaza • Reese Park
Taylor,Taylor County Recreation Complex • Col. Richard P. Turk memorial Park • Liberty Street Ball Park
Terrell,Griggs Memorial • Andrew Jackson Monument • Sasser Commercial Historic District
Thomas,Remington Avenue Ball Parks • Cherokee Lake • McIntyre Park
Treutlen,Jean Gillis Memorial Park • Soperton Recreation Dept.
Twiggs,Twiggs County Recreational Park • Bullard Landing • Hammock Road Park
Upson,Weaver Park • Westside Park • Greatest Generation Memorial Park
Ware,Waycross State Forest • Waycross Historic District • Plant Park
Wayne,Bill Morris Park • Wayne Memorial Park • Cracker Williams Recreation Park
Webster,Jimmy Carter National Historical Park • Richland Historic District • Plains City Park
Wilcox,Crummey Park • Patriot Park • Halfmoon Landing
Wilkes,Fort Washington Park • Reese Booker Park • School Street Park
Worth,Jeffords Park • Sylvester Commercial Historic District • Poulan Community House Park
